Symbol,Name,Category,Exercise Price,Last Close Price,Issuer Last Close Price,Issuer Market cap,20 Day Average Volume,Issuer Symbol,Issuer,Type,Profit,Return
SPCMW,"Sound Point Acquisition Corp I, Ltd - Warrant",Shell Companies,$0.00 ,$0.00 ,$10.03 ,"$257,973,750 ",0,SPCM,"Sound Point Acquisition Corp I, Ltd - Class A",Common stocks,10.03,#DIV/0!
MURFW,Murphy Canyon Acquisition Corp. - Warrant,Shell Companies,$0.00 ,$0.00 ,$9.99 ,"$139,510,420 ",0,MURF,Murphy Canyon Acquisition Corp. - Class A,Common stocks,9.99,#DIV/0!
LFACW,LF Capital Acquisition Corp. II Warrants,Shell Companies,$0.00 ,$0.00 ,$9.98 ,"$258,232,500 ",0,LFAC,LF Capital Acquisition Corp. II Class A,Common stocks,9.98,#DIV/0!
NUBIW,Nubia Brand International Corp. - Warrant,Shell Companies,$0.00 ,$0.00 ,$9.98 ,"$122,759,000 ",0,NUBI,Nubia Brand International Corp. - Class A,Common stocks,9.98,#DIV/0!
TETEW,Technology & Telecommunication Acquisition Corporation - Warrant,Shell Companies,$0.00 ,$0.00 ,$9.98 ,"$120,084,350 ",0,TETE,Technology & Telecommunication Acquisition Corporation - Class A,Common stocks,9.98,#DIV/0!
VMCAW,Valuence Merger Corp. I - Warrant,Shell Companies,$0.00 ,$0.00 ,$9.98 ,"$219,677,039 ",0,VMCA,Valuence Merger Corp. I - Class A,Common stocks,9.98,#DIV/0!
CPAQW,Counter Press Acquisition Corporation - Warrant,Shell Companies,$0.00 ,$0.00 ,$9.97 ,"$91,264,894 ",0,CPAQ,Counter Press Acquisition Corporation - Class A,Common stocks,9.97,#DIV/0!
FGMCW,FG Merger Corp. - Warrant,Shell Companies,$0.00 ,$0.00 ,$9.97 ,"$100,866,458 ",0,FGMC,FG Merger Corp.,Common stocks,9.97,#DIV/0!
FTIIW,FutureTech II Acquisition Corp. - Warrant,Shell Companies,$0.00 ,$0.00 ,$9.97 ,"$120,986,698 ",0,FTII,FutureTech II Acquisition Corp. - Class A,Common stocks,9.97,#DIV/0!
HCMAW,HCM Acquisition Corp Warrant,Shell Companies,$0.00 ,$0.00 ,$9.96 ,"$288,362,500 ",0,HCMA,HCM Acquisition Corp Class A,Common stocks,9.96,#DIV/0!
RACYW,Relativity Acquisition Corp. - Warrant,Shell Companies,$0.00 ,$0.00 ,$9.95 ,"$149,836,638 ",0,RACY,Relativity Acquisition Corp. - Class A,Common stocks,9.95,#DIV/0!
SHUAW,SHUAA Partners Acquisition Corp I - Warrant,Shell Companies,$0.00 ,$0.00 ,$9.95 ,"$108,324,050 ",0,SHUA,SHUAA Partners Acquisition Corp I - Class A,Common stocks,9.95,#DIV/0!
EVGRW,Evergreen Corporation - Warrant,Shell Companies,$0.00 ,$0.00 ,$9.94 ,"$114,310,000 ",0,EVGR,Evergreen Corporation - Class A,Common stocks,9.94,#DIV/0!
BYNOW,byNordic Acquisition Corporation - Warrant,Shell Companies,$0.00 ,$0.00 ,$9.93 ,"$171,637,500 ",0,BYNO,byNordic Acquisition Corporation - Class A,Common stocks,9.93,#DIV/0!
SGHLW,Signal Hill Acquisition Corp. - Warrant,Shell Companies,$0.00 ,$0.00 ,$9.93 ,"$99,000,000 ",0,SGHL,Signal Hill Acquisition Corp. - Class A,Common stocks,9.93,#DIV/0!
ITAQW,"Industrial Tech Acquisitions II, Inc. Warrants",Shell Companies,$0.00 ,$0.00 ,$9.92 ,"$171,120,000 ",0,ITAQ,"Industrial Tech Acquisitions II, Inc. Class A",Common stocks,9.92,#DIV/0!
LBBBW,Lakeshore Acquisition II Corp. - Warrants,Shell Companies,$0.00 ,$0.00 ,$9.92 ,"$90,683,680 ",0,LBBB,Lakeshore Acquisition II Corp.,Common stocks,9.92,#DIV/0!
PPYAW,Papaya Growth Opportunity Corp. I Warrant,Shell Companies,$0.00 ,$0.00 ,$9.92 ,"$298,745,760 ",0,PPYA,Papaya Growth Opportunity Corp. I Class A,Common stocks,9.92,#DIV/0!
ACABW,Atlantic Coastal Acquisition Corp. II Warrant,Shell Companies,$0.00 ,$0.00 ,$9.91 ,"$297,600,000 ",0,ACAB,Atlantic Coastal Acquisition Corp. II Class A,Common stocks,9.91,#DIV/0!
DUETW,DUET Acquisition Corp. - Warrant,Shell Companies,$0.00 ,$0.00 ,$9.90 ,"$89,829,338 ",0,DUET,DUET Acquisition Corp. - Class A,Common stocks,9.9,#DIV/0!
LIVBW,LIV Capital Acquisition Corp. II Warrants,Shell Companies,$0.00 ,$0.00 ,$9.90 ,"$115,055,100 ",0,LIVB,LIV Capital Acquisition Corp. II Class A,Common stocks,9.9,#DIV/0!
VBOCW,Viscogliosi Brothers Acquisition Corp Warrant,Shell Companies,$0.00 ,$0.00 ,$9.90 ,"$205,941,300 ",0,VBOC,Viscogliosi Brothers Acquisition Corp,Common stocks,9.9,#DIV/0!
ATAKW,Aurora Technology Acquisition Corp. Warrants,Shell Companies,$0.00 ,$0.00 ,$9.89 ,"$199,172,000 ",0,ATAK,Aurora Technology Acquisition Corp. Class A,Common stocks,9.89,#DIV/0!
WAVSW,Western Acquisition Ventures Corp. - Warrant,Shell Companies,$0.00 ,$0.00 ,$9.89 ,"$145,739,880 ",0,WAVS,Western Acquisition Ventures Corp.,Common stocks,9.89,#DIV/0!
BWAQW,Blue World Acquisition Corporation Warrant,Shell Companies,$0.00 ,$0.00 ,$9.88 ,"$118,448,352 ",0,BWAQ,Blue World Acquisition Corporation Class A,Common stocks,9.88,#DIV/0!
CLINW,Clean Earth Acquisitions Corp. - Warrant,Shell Companies,$0.00 ,$0.00 ,$9.87 ,"$234,838,700 ",0,CLIN,Clean Earth Acquisitions Corp. - Class A,Common stocks,9.87,#DIV/0!
GHIXW,"Gores Holdings IX, Inc. Warrant",Shell Companies,$0.00 ,$0.00 ,$9.87 ,"$506,625,000 ",0,GHIX,"Gores Holdings IX, Inc. Class A",Common stocks,9.87,#DIV/0!
GSRMW,GSR II Meteora Acquisition Corp. - Warrant,Shell Companies,$0.00 ,$0.00 ,$9.87 ,"$313,087,500 ",0,GSRM,GSR II Meteora Acquisition Corp. - Class A,Common stocks,9.87,#DIV/0!
RFACW,RF Acquisition Corp. - Warrants,Shell Companies,$0.00 ,$0.00 ,$9.87 ,"$115,128,000 ",0,RFAC,RF Acquisition Corp. - Class A,Common stocks,9.87,#DIV/0!
RWODW,Redwoods Acquisition Corp. - Warrants,Shell Companies,$0.00 ,$0.00 ,$9.85 ,"$145,770,900 ",0,RWOD,Redwoods Acquisition Corp.,Common stocks,9.85,#DIV/0!
ACAXW,Alset Capital Acquisition Corp. - Warrant,Shell Companies,$0.00 ,$0.00 ,$9.83 ,"$89,713,675 ",0,ACAX,Alset Capital Acquisition Corp. - Class A,Common stocks,9.83,#DIV/0!
JGGCW,Jaguar Global Growth Corporation I - Warrant,Shell Companies,$0.00 ,$0.00 ,$9.83 ,"$226,090,000 ",0,JGGC,Jaguar Global Growth Corporation I - Class A,Common stocks,9.83,#DIV/0!
CSLMW,"Consilium Acquisition Corp I, Ltd. Warrant",Shell Companies,$0.00 ,$0.00 ,$9.80 ,"$185,006,250 ",0,CSLM,"Consilium Acquisition Corp I, Ltd. Class A Ordinary Share",Common stocks,9.8,#DIV/0!
KYCHW,Keyarch Acquisition Corporation - Warrant,Shell Companies,$0.00 ,$0.00 ,$9.76 ,"$117,438,750 ",0,KYCH,Keyarch Acquisition Corporation,Common stocks,9.76,#DIV/0!
SCRMW,Screaming Eagle Acquisition Corp. Warrant,Shell Companies,$0.00 ,$0.00 ,$9.63 ,"$723,000,000 ",0,SCRM,Screaming Eagle Acquisition Corp. Class A,Common stocks,9.63,#DIV/0!
SWVLW,Swvl Holdings Corp - Warrant,Operating Companies,$0.00 ,$0.00 ,$5.11 ,"$636,024,441 ",0,SWVL,Swvl Holdings Corp - Class A,Common stocks,5.11,#DIV/0!
EDBLW,Edible Garden AG Incorporated - Warrant,Operating Companies,$0.00 ,$0.00 ,$1.76 ,"$13,793,979 ",0,EDBL,Edible Garden AG Incorporated,Common stocks,1.76,#DIV/0!
STSSW,Sharps Technology Inc. - Warrant,Operating Companies,$0.00 ,$0.00 ,$1.23 ,"$9,587,926 ",0,STSS,Sharps Technology Inc.,Common stocks,1.23,#DIV/0!
ALSAW,Alpha Star Acquisition Corporation Warrants,Shell Companies,$0.00 ,$0.04 ,$9.89 ,"$145,579,500 ","16,383",ALSA,Alpha Star Acquisition Corporation,Common stocks,9.85,24625.00%
CNGLW,Canna-Global Acquisition Corp Warrant,Shell Companies,$0.00 ,$0.09 ,$9.99 ,"$211,089,309 ","29,823",CNGL,Canna-Global Acquisition Corp. Class A,Common stocks,9.9,11000.00%
GLLIW,Globalink Investment Inc. - Warrants,Shell Companies,$0.00 ,$0.09 ,$9.89 ,"$147,806,050 ","4,887",GLLI,Globalink Investment Inc.,Common stocks,9.8,10888.89%
BRKHW,BurTech Acquisition Corp. Warrants,Shell Companies,$0.00 ,$0.10 ,$9.92 ,"$285,200,000 ","101,753",BRKH,BurTech Acquisition Corp. Class A,Common stocks,9.82,9820.00%
CCTSW,Cactus Acquisition Corp. 1 Limited - Warrant,Shell Companies,$0.00 ,$0.11 ,$9.95 ,"$125,867,500 ","3,567",CCTS,Cactus Acquisition Corp. 1 Limited - Class A,Common stocks,9.84,8945.45%
GGAAW,Genesis Growth Tech Acquisition Corp. - Warrant,Shell Companies,$0.00 ,$0.13 ,$9.97 ,"$252,241,000 ","52,556",GGAA,Genesis Growth Tech Acquisition Corp. - Class A,Common stocks,9.84,7569.23%
AOGOW,Arogo Capital Acquisition Corp. - Warrant,Shell Companies,$0.00 ,$0.13 ,$9.92 ,"$107,552,888 ","81,672",AOGO,Arogo Capital Acquisition Corp. - Class A,Common stocks,9.79,7530.77%
KACLW,Kairous Acquisition Corp. Limited - Warrants,Shell Companies,$0.00 ,$0.13 ,$9.91 ,"$100,548,277 ","10,869",KACL,Kairous Acquisition Corp. Limited,Common stocks,9.78,7523.08%
ASCAW,A SPAC I Acquisition Corp. - Warrant,Shell Companies,$0.00 ,$0.13 ,$9.87 ,"$68,241,000 ","15,000",ASCA,A SPAC I Acquisition Corp. - Class A,Common stocks,9.74,7492.31%
ATEK+,Athena Technology Acquisition Corp. II Redeemable Warrants,Shell Companies,$0.00 ,$0.13 ,$9.82 ,"$258,458,807 ","57,995",ATEK,Athena Technology Acquisition Corp. II Class A,Common stocks,9.69,7453.85%
TOACW,Talon 1 Acquisition Corp. - Warrant,Shell Companies,$0.00 ,$0.14 ,$10.05 ,"$231,150,000 ","38,602",TOAC,Talon 1 Acquisition Corp. - Class A,Common stocks,9.91,7078.57%
DHACW,Digital Health Acquisition Corp. - Warrant,Shell Companies,$0.00 ,$0.14 ,$10.00 ,"$149,320,000 ","9,474",DHAC,Digital Health Acquisition Corp.,Common stocks,9.86,7042.86%
FEXDW,Fintech Ecosystem Development Corp. Warrant,Shell Companies,$0.00 ,$0.14 ,$10.00 ,"$115,575,000 ","4,398",FEXD,Fintech Ecosystem Development Corp. Class A,Common stocks,9.86,7042.86%
IQMDW,Intelligent Medicine Acquisition Corp. Warrant,Shell Companies,$0.00 ,$0.14 ,$9.99 ,"$206,586,000 ","12,183",IQMD,Intelligent Medicine Acquisition Corp. Class A,Common stocks,9.85,7035.71%
CRECW,Crescera Capital Acquisition Corp Warrant,Shell Companies,$0.00 ,$0.14 ,$9.94 ,"$200,042,500 ","16,997",CREC,Crescera Capital Acquisition Corp Class A,Common stocks,9.8,7000.00%
GMFIW,Aetherium Acquisition Corp. Warrant,Shell Companies,$0.00 ,$0.14 ,$9.91 ,"$118,841,580 ","8,467",GMFI,Aetherium Acquisition Corp. Class A,Common stocks,9.77,6978.57%
NVACW,NorthView Acquisition Corporation - Warrant,Shell Companies,$0.00 ,$0.14 ,$9.87 ,"$238,545,563 ","18,090",NVAC,NorthView Acquisition Corporation,Common stocks,9.73,6950.00%
GVCIW,Green Visor Financial Technology Acquisition Corp. I Warrants,Shell Companies,$0.00 ,$0.15 ,$10.02 ,"$200,500,200 ","6,543",GVCI,Green Visor Financial Technology Acquisition Corp. I Class A,Common stocks,9.87,6580.00%
ENCPW,Energem Corp Warrant,Shell Companies,$0.00 ,$0.15 ,$10.00 ,"$102,569,987 ","1,530",ENCP,Energem Corp Class A,Common stocks,9.85,6566.67%
VSACW,Vision Sensing Acquisition Corp. Warrants,Shell Companies,$0.00 ,$0.15 ,$10.00 ,"$105,927,000 ","3,359",VSAC,Vision Sensing Acquisition Corp. Class A,Common stocks,9.85,6566.67%
IOACW,Innovative International Acquisition Corp. Warrants,Shell Companies,$0.00 ,$0.15 ,$9.99 ,"$240,359,400 ","10,897",IOAC,Innovative International Acquisition Corp. Class A,Common stocks,9.84,6560.00%
SHCAW,Spindletop Health Acquisition Corp. Warrant,Shell Companies,$0.00 ,$0.15 ,$9.97 ,"$199,450,454 ","52,906",SHCA,Spindletop Health Acquisition Corp. Class A,Common stocks,9.82,6546.67%
TLGYW,TLGY Acquisition Corporation Warrant,Shell Companies,$0.00 ,$0.15 ,$9.97 ,"$229,310,000 ","4,779",TLGY,TLGY Acquisition Corporation Class A Ordinary Share,Common stocks,9.82,6546.67%
APXIW,APx Acquisition Corp. I Warrant,Shell Companies,$0.00 ,$0.15 ,$9.96 ,"$171,810,000 ","6,446",APXI,APx Acquisition Corp. I Class A Ordinary Share,Common stocks,9.81,6540.00%
LIBYW,Liberty Resources Acquisition Corp. Warrant,Shell Companies,$0.00 ,$0.15 ,$9.96 ,"$119,821,539 ","1,705",LIBY,Liberty Resources Acquisition Corp. Class A,Common stocks,9.81,6540.00%
FXCOW,Financial Strategies Acquisition Corp. Warrants,Shell Companies,$0.00 ,$0.15 ,$9.95 ,"$107,966,304 ","8,750",FXCO,Financial Strategies Acquisition Corp. Class A,Common stocks,9.8,6533.33%
LGVCW,LAMF Global Ventures Corp. I Warrant,Shell Companies,$0.00 ,$0.15 ,$9.95 ,"$262,739,700 ","17,964",LGVC,LAMF Global Ventures Corp. I Class A,Common stocks,9.8,6533.33%
BIOSW,BioPlus Acquisition Corp. Warrants,Shell Companies,$0.00 ,$0.15 ,$9.94 ,"$234,186,400 ","23,039",BIOS,BioPlus Acquisition Corp. Class A,Common stocks,9.79,6526.67%
GDNRW,Gardiner Healthcare Acquisitions Corp. Warrant,Shell Companies,$0.00 ,$0.15 ,$9.92 ,"$106,950,000 ","2,075",GDNR,Gardiner Healthcare Acquisitions Corp.,Common stocks,9.77,6513.33%
MAAQW,Mana Capital Acquisition Corp. Warrant,Shell Companies,$0.00 ,$0.15 ,$9.91 ,"$80,518,750 ","1,240",MAAQ,Mana Capital Acquisition Corp.,Common stocks,9.76,6506.67%
IGTAW,Inception Growth Acquisition Limited - Warrants,Shell Companies,$0.00 ,$0.15 ,$9.84 ,"$127,926,875 ","2,283",IGTA,Inception Growth Acquisition Limited,Common stocks,9.69,6460.00%
RCACW,Revelstone Capital Acquisition Corp. Warrant,Shell Companies,$0.00 ,$0.15 ,$9.77 ,"$161,205,000 ",849,RCAC,Revelstone Capital Acquisition Corp. Class A,Common stocks,9.62,6413.33%
MCAAW,Mountain & Co. I Acquisition Corp. Warrant,Shell Companies,$0.00 ,$0.16 ,$10.13 ,"$232,530,000 ","6,729",MCAA,Mountain & Co. I Acquisition Corp. Class A,Common stocks,9.97,6231.25%
BPACW,Bullpen Parlay Acquisition Company Warrant,Shell Companies,$0.00 ,$0.16 ,$9.91 ,"$227,930,000 ","34,725",BPAC,Bullpen Parlay Acquisition Company Class A Ordinary Share,Common stocks,9.75,6093.75%
PRLHW,Pearl Holdings Acquisition Corp Warrant,Shell Companies,$0.00 ,$0.16 ,$9.90 ,"$198,000,000 ","3,506",PRLH,Pearl Holdings Acquisition Corp Class A,Common stocks,9.74,6087.50%
GFGDW,The Growth for Good Acquisition Corporation Warrant,Shell Companies,$0.00 ,$0.16 ,$9.68 ,"$252,648,000 ","34,983",GFGD,The Growth for Good Acquisition Corporation Class A,Common stocks,9.52,5950.00%
FRLAW,Fortune Rise Acquisition Corporation Warrant,Shell Companies,$0.00 ,$0.17 ,$10.05 ,"$129,486,713 ","2,198",FRLA,Fortune Rise Acquisition Corporation Class A,Common stocks,9.88,5811.76%
MLAIW,McLaren Technology Acquisition Corp. Warrant,Shell Companies,$0.00 ,$0.17 ,$9.99 ,"$200,948,125 ","13,905",MLAI,McLaren Technology Acquisition Corp. Class A,Common stocks,9.82,5776.47%
BOCNW,Blue Ocean Acquisition Corp - Warrants,Shell Companies,$0.00 ,$0.17 ,$9.90 ,"$187,662,750 ","21,650",BOCN,Blue Ocean Acquisition Corp - Class A,Common stocks,9.73,5723.53%
ZINGW,FTAC Zeus Acquisition Corp. Warrant,Shell Companies,$0.00 ,$0.17 ,$9.83 ,"$413,142,613 ","49,064",ZING,FTAC Zeus Acquisition Corp. Class A,Common stocks,9.66,5682.35%
CMCAW,Capitalworks Emerging Markets Acquisition Corp Warrant,Shell Companies,$0.00 ,$0.18 ,$9.97 ,"$230,460,000 ","13,241",CMCA,Capitalworks Emerging Markets Acquisition Corp Class A,Common stocks,9.79,5438.89%
ALORW,ALSP Orchid Acquisition Corporation I Warrant,Shell Companies,$0.00 ,$0.18 ,$9.95 ,"$180,741,750 ","9,114",ALOR,ALSP Orchid Acquisition Corporation I Class A Ordinary Share,Common stocks,9.77,5427.78%
IVCBW,Investcorp Europe Acquisition Corp I Warrant,Shell Companies,$0.00 ,$0.18 ,$9.95 ,"$343,620,000 ","86,699",IVCB,Investcorp Europe Acquisition Corp I Class A,Common stocks,9.77,5427.78%
DPCSW,DP Cap Acquisition Corp I - Warrants,Shell Companies,$0.00 ,$0.18 ,$9.94 ,"$228,854,600 ","1,777",DPCS,DP Cap Acquisition Corp I - Class A,Common stocks,9.76,5422.22%
VHNAW,Vahanna Tech Edge Acquisition I Corp. Warrants,Shell Companies,$0.00 ,$0.19 ,$10.01 ,"$199,299,600 ","39,227",VHNA,Vahanna Tech Edge Acquisition I Corp. Class A,Common stocks,9.82,5168.42%
AFACW,Arena Fortify Acquisition Corp. Warrant,Shell Companies,$0.00 ,$0.19 ,$9.97 ,"$171,982,500 ","17,458",AFAC,Arena Fortify Acquisition Corp. Class A,Common stocks,9.78,5147.37%
HORIW,Emerging Markets Horizon Corp. Warrants,Shell Companies,$0.00 ,$0.19 ,$9.95 ,"$287,500,000 ","16,939",HORI,Emerging Markets Horizon Corp. Class A,Common stocks,9.76,5136.84%
ADALW,Anthemis Digital Acquisitions I Corp Warrant,Shell Companies,$0.00 ,$0.19 ,$9.94 ,"$228,620,000 ","11,043",ADAL,Anthemis Digital Acquisitions I Corp Class A,Common stocks,9.75,5131.58%
DAOOW,Crypto 1 Acquisition Corp Warrants,Shell Companies,$0.00 ,$0.19 ,$9.88 ,"$227,700,000 ","22,853",DAOO,Crypto 1 Acquisition Corp Class A,Common stocks,9.69,5100.00%
GEEXW,Games & Esports Experience Acquisition Corp. - Warrants,Shell Companies,$0.00 ,$0.20 ,$9.99 ,"$199,800,000 ","15,259",GEEX,Games & Esports Experience Acquisition Corp. - Class A,Common stocks,9.79,4895.00%
MPRAW,Mercato Partners Acquisition Corporation Warrant,Shell Companies,$0.00 ,$0.20 ,$9.96 ,"$229,080,000 ","17,857",MPRA,Mercato Partners Acquisition Corporation Class A,Common stocks,9.76,4880.00%
OLITW,OmniLit Acquisition Corp. Warrants.,Shell Companies,$0.00 ,$0.20 ,$9.95 ,"$143,175,000 ","8,962",OLIT,OmniLit Acquisition Corp. Class A,Common stocks,9.75,4875.00%
SVNAW,7 Acquisition Corporation - Warrant,Shell Companies,$0.00 ,$0.20 ,$9.91 ,"$227,700,000 ","12,725",SVNA,7 Acquisition Corporation - Class A,Common stocks,9.71,4855.00%
LSPRW,Larkspur Health Acquisition Corp. Warrants,Shell Companies,$0.00 ,$0.20 ,$9.89 ,"$79,984,693 ",964,LSPR,Larkspur Health Acquisition Corp. Class A,Common stocks,9.69,4845.00%
HAIAW,Healthcare AI Acquisition Corp. Warrants,Shell Companies,$0.00 ,$0.20 ,$9.88 ,"$213,036,522 ","1,234",HAIA,Healthcare AI Acquisition Corp. Class A,Common stocks,9.68,4840.00%
IVCPW,Swiftmerge Acquisition Corp. Warrants,Shell Companies,$0.00 ,$0.20 ,$9.78 ,"$220,275,000 ","2,099",IVCP,Swiftmerge Acquisition Corp. Class A Ordinary Share,Common stocks,9.58,4790.00%
BLEUW,bleuacacia ltd Warrants,Shell Companies,$0.00 ,$0.20 ,$9.75 ,"$269,100,000 ","3,385",BLEU,bleuacacia ltd Class A,Common stocks,9.55,4775.00%
APN+,Apeiron Capital Investment Corp. Redeemable Warrants,Shell Companies,$0.00 ,$0.21 ,$10.00 ,"$172,327,500 ","60,765",APN,Apeiron Capital Investment Corp. Class A,Common stocks,9.79,4661.90%
VMGAW,VMG Consumer Acquisition Corp. Warrant,Shell Companies,$0.00 ,$0.21 ,$9.98 ,"$228,390,000 ","40,293",VMGA,VMG Consumer Acquisition Corp. Class A,Common stocks,9.77,4652.38%
SCMAW,Seaport Calibre Materials Acquisition Corp. Warrant,Shell Companies,$0.00 ,$0.21 ,$9.95 ,"$129,350,000 ",375,SCMA,Seaport Calibre Materials Acquisition Corp. Class A,Common stocks,9.74,4638.10%
CBRGW,Chain Bridge I Warrants,Shell Companies,$0.00 ,$0.21 ,$9.94 ,"$184,754,604 ","7,091",CBRG,Chain Bridge I Class A,Common stocks,9.73,4633.33%
WEL+,Integrated Wellness Acquisition Corp Redeemable Warrants,Shell Companies,$0.00 ,$0.22 ,$9.94 ,"$115,115,000 ","19,965",WEL,Integrated Wellness Acquisition Corp,Common stocks,9.72,4418.18%
FRBNW,Forbion European Acquisition Corp. Warrants,Shell Companies,$0.00 ,$0.22 ,$9.92 ,"$125,488,000 ","3,623",FRBN,Forbion European Acquisition Corp. Class A,Common stocks,9.7,4409.09%
NPABW,New Providence Acquisition Corp. II Warrant,Shell Companies,$0.00 ,$0.23 ,$9.90 ,"$247,500,000 ","13,125",NPAB,New Providence Acquisition Corp. II Class A,Common stocks,9.67,4204.35%
SZZLW,Sizzle Acquisition Corp. Warrant,Shell Companies,$0.00 ,$0.24 ,$9.97 ,"$154,535,000 ","4,667",SZZL,Sizzle Acquisition Corp.,Common stocks,9.73,4054.17%
AHRNW,Ahren Acquisition Corp. Warrants,Shell Companies,$0.00 ,$0.24 ,$9.87 ,"$298,798,008 ","40,990",AHRN,Ahren Acquisition Corp. Class A,Common stocks,9.63,4012.50%
XPDBW,Power & Digital Infrastructure Acquisition II Corp. Warrant,Shell Companies,$0.00 ,$0.24 ,$9.78 ,"$281,750,000 ","16,962",XPDB,Power & Digital Infrastructure Acquisition II Corp. Class A,Common stocks,9.54,3975.00%
BCSAW,Blockchain Coinvestors Acquisition Corp. I - Warrant,Shell Companies,$0.00 ,$0.25 ,$9.95 ,"$311,653,900 ","17,773",BCSA,Blockchain Coinvestors Acquisition Corp. I - Class A,Common stocks,9.7,3880.00%
LGTOW,Legato Merger Corp. II Warrants,Shell Companies,$0.00 ,$0.25 ,$9.91 ,"$355,518,900 ","11,272",LGTO,Legato Merger Corp. II,Common stocks,9.66,3864.00%
CFFSW,CF Acquisition Corp. VII Warrant,Shell Companies,$0.00 ,$0.26 ,$9.91 ,"$185,317,000 ","13,383",CFFS,CF Acquisition Corp. VII Class A,Common stocks,9.65,3711.54%
EMLDW,FTAC Emerald Acquisition Corp. Warrant,Shell Companies,$0.00 ,$0.26 ,$9.76 ,"$252,251,328 ","28,488",EMLD,FTAC Emerald Acquisition Corp. Class A,Common stocks,9.5,3653.85%
LAXXW,8i Acquisition 2 Corp. Warrant,Shell Companies,$0.00 ,$0.27 ,$9.85 ,"$109,073,975 ","6,607",LAX,8i Acquisition 2 Corp.,Common stocks,9.58,3548.15%
GTACW,Global Technology Acquisition Corp. I - Warrant,Shell Companies,$0.00 ,$0.28 ,$9.92 ,"$198,400,000 ","5,548",GTAC,Global Technology Acquisition Corp. I - Class A,Common stocks,9.64,3442.86%
TGAAW,Target Global Acquisition I Corp. Warrant,Shell Companies,$0.00 ,$0.30 ,$9.87 ,"$212,102,924 ","44,252",TGAA,Target Global Acquisition I Corp. Class A Ordinary Share,Common stocks,9.57,3190.00%
LSEAW,Landsea Homes Corporation - Warrant,Operating Companies,$0.00 ,$0.26 ,$7.32 ,"$335,853,841 ","30,926",LSEA,Landsea Homes Corporation,Common stocks,7.06,2715.38%
PWUPW,PowerUp Acquisition Corp. - Warrant,Shell Companies,$0.00 ,$0.36 ,$10.00 ,"$286,062,500 ","76,425",PWUP,PowerUp Acquisition Corp. - Class A,Common stocks,9.64,2677.78%
LGL+,"LGL Group, Inc. (The) Warrants",Operating Companies,$0.00 ,$0.48 ,$11.02 ,"$59,018,775 ","1,150",LGL,Lgl Group Inc,Common stocks,10.54,2195.83%
IRS+,IRSA Inversiones Y Representaciones S.A. Warrants to purchase Common Shares,Operating Companies,$0.00 ,$0.20 ,$4.37 ,"$285,011,884 ","28,682",IRS,IRSA Inversiones y Representaciones ADRs,ADRs,4.17,2085.00%
NVNOW,enVVeno Medical Corporation - Warrants,Operating Companies,$0.00 ,$0.20 ,$4.35 ,"$39,962,767 ","2,439",NVNO,enVVeno Medical Corporation,Common stocks,4.15,2075.00%
ENTXW,Entera Bio Ltd. Warrant,Operating Companies,$0.00 ,$0.12 ,$2.53 ,"$68,554,498 ","4,004",ENTX,Entera Bio Ltd,Common stocks,2.41,2008.33%
UTAAW,UTA Acquisition Corporation - Warrants,Shell Companies,$0.00 ,$0.54 ,$9.95 ,"$228,620,000 ","107,227",UTAA,UTA Acquisition Corporation - Class A,Common stocks,9.41,1742.59%
BROGW,Twelve Seas Investment Company - Warrant,Operating Companies,$0.00 ,$0.42 ,$7.39 ,"$809,854,241 ","19,244",BROG,Brooge Energy Limited,Common stocks,6.97,1659.52%
SQFTW,"Presidio Property Trust, Inc. Series A Common Stock Purchase Warrants",Operating Companies,$0.00 ,$0.18 ,$3.12 ,"$38,329,296 ","13,666",SQFT,"Presidio Property Trust, Inc.",REITs,2.94,1633.33%
DRTSW,Alpha Tau Medical Ltd. - Warrant,Operating Companies,$0.00 ,$0.38 ,$5.25 ,"$437,935,458 ","67,636",DRTS,Alpha Tau Medical Ltd. - Class A,Common stocks,4.87,1281.58%
HLBZW,"Helbiz, Inc. - Warrant",Operating Companies,$0.00 ,$0.09 ,$1.21 ,"$36,507,450 ","20,832",HLBZ,"Helbiz, Inc. - Class A",Common stocks,1.12,1244.44%
PROCW,"Procaps Group, S.A. Warrants",Operating Companies,$0.00 ,$0.59 ,$7.87 ,"$945,466,654 ","87,886",PROC,"Procaps Group, S.A.",Common stocks,7.28,1233.90%
CRESW,Cresud S.A.C.I.F. y A. Warrant,Operating Companies,$0.00 ,$0.51 ,$6.42 ,"$384,294,335 ","80,157",CRESY,Cresud SACIF ADRs,ADRs,5.91,1158.82%
GIPRW,Generation Income Properties Inc Warrant,Operating Companies,$0.00 ,$0.57 ,$6.60 ,"$14,067,225 ","3,234",GIPR,Generation Income Properties Inc,Common stocks,6.03,1057.89%
DTSTW,Data Storage Corporation Warrant,Operating Companies,$0.00 ,$0.25 ,$2.77 ,"$20,359,266 ","18,059",DTST,Data Storage Corporation,Common stocks,2.52,1008.00%
OXBRW,Oxbridge Re Holdings Limited Warrant,Operating Companies,$0.00 ,$0.44 ,$4.84 ,"$28,156,329 ","9,462",OXBR,Oxbridge Re Holdings Limited,Common stocks,4.4,1000.00%
LBPSW,4D pharma plc - Warrant,Operating Companies,$0.00 ,$0.29 ,$3.17 ,"$73,923,397 ","4,509",LBPS,4D pharma plc ADRs,ADRs,2.88,993.10%
IGICW,International General Insurance Holdings Ltd. - Warrant expiring 3/17/2025,Operating Companies,$0.00 ,$0.75 ,$7.99 ,"$373,973,624 ","4,900",IGIC,International General Insurance Holdings Ltd.,Common stocks,7.24,965.33%
LGHLW,Lion Group Holding Ltd. - Warrant,Operating Companies,$0.00 ,$0.10 ,$1.00 ,"$37,183,751 ","66,028",LGHL,Lion Group Holding Ltd. ADRs,ADRs,0.9,900.00%
GRNAW,"GreenLight Biosciences Holdings, PBC - Warrant",Operating Companies,$0.00 ,$0.74 ,$7.04 ,"$835,290,590 ","21,920",GRNA,"GreenLight Biosciences Holdings, PBC",Common stocks,6.3,851.35%
GCMGW,GCM Grosvenor Inc. - Warrant,Operating Companies,$0.00 ,$0.85 ,$7.99 ,"$348,790,664 ","55,978",GCMG,GCM Grosvenor Inc. - Class A,Common stocks,7.14,840.00%
GDEVW,Nexters Inc. - Warrant,Operating Companies,$0.00 ,$0.71 ,$6.38 ,$0 ,"65,450",GDEV,Nexters Inc.,Common stocks,5.67,798.59%
OTMOW,Otonomo Technologies Ltd. - Warrant,Operating Companies,$0.00 ,$0.15 ,$1.34 ,"$191,711,363 ","3,700",OTMO,Otonomo Technologies Ltd.,Common stocks,1.19,793.33%
LILMW,Lilium N.V. - Warrants,Operating Companies,$0.00 ,$0.36 ,$3.21 ,"$782,734,772 ","54,744",LILM,Lilium N.V. - Class A,Common stocks,2.85,791.67%
KPLTW,"Katapult Holdings, Inc. - Warrant",Operating Companies,$0.00 ,$0.15 ,$1.27 ,"$126,582,555 ","55,819",KPLT,"Katapult Holdings, Inc.",Common stocks,1.12,746.67%
AP+,Ampco-Pittsburgh Corporation Series A Warrants to purchase Shares of common stock,Operating Companies,$0.00 ,$0.55 ,$4.64 ,"$86,549,317 ","1,276",AP,Ampco Pittsburgh Corp,Common stocks,4.09,743.64%
HCDIW,"Harbor Custom Development, Inc. - Warrant",Operating Companies,$0.00 ,$0.23 ,$1.94 ,"$28,873,219 ","12,216",HCDI,"Harbor Custom Development, Inc.",Common stocks,1.71,743.48%
TBLAW,Taboola.com Ltd. - Warrant,Operating Companies,$0.00 ,$0.41 ,$3.33 ,"$699,754,930 ","11,001",TBLA,Taboola.com Ltd.,Common stocks,2.92,712.20%
NDRAW,ENDRA Life Sciences Inc. Warrants,Operating Companies,$0.00 ,$0.03 ,$0.24 ,"$14,530,125 ","67,328",NDRA,Endra Life Sciences Inc.,Common stocks,0.21,700.00%
RVPHW,"Reviva Pharmaceuticals Holdings, Inc. - Warrants",Operating Companies,$0.00 ,$0.23 ,$1.79 ,"$24,969,922 ","17,017",RVPH,"Reviva Pharmaceuticals Holdings, Inc.",Common stocks,1.56,678.26%
FSRDW,"Fast Radius, Inc. - Warrants",Operating Companies,$0.00 ,$0.07 ,$0.54 ,"$38,813,712 ","75,296",FSRD,"Fast Radius, Inc. - Class A",Common stocks,0.47,671.43%
REEAW,REE Automotive Ltd. - Warrant,Operating Companies,$0.00 ,$0.23 ,$1.76 ,"$442,509,569 ","22,227",REE,REE Automotive Ltd. - Class A,Common stocks,1.53,665.22%
CZOO+,Cazoo Group Ltd Warrants,Operating Companies,$0.00 ,$0.20 ,$1.53 ,"$165,938,898 ","31,249",CZOO,Cazoo Group Ltd Class A,Common stocks,1.33,665.00%
PTIXW,"Protagenic Therapeutics, Inc. Warrant",Operating Companies,$0.00 ,$0.10 ,$0.76 ,"$13,828,209 ","11,549",PTIX,Protagenic Therapeutics Inc.,Common stocks,0.66,660.00%
EFTRW,"eFFECTOR Therapeutics, Inc. - Warrant",Operating Companies,$0.00 ,$0.23 ,$1.72 ,"$70,372,098 ","2,735",EFTR,"eFFECTOR Therapeutics, Inc.",Common stocks,1.49,647.83%
RELIW,"Reliance Global Group, Inc. Series A Warrants",Operating Companies,$0.00 ,$0.32 ,$2.36 ,"$25,735,237 ","11,694",RELI,Reliance Global Group Inc.,Common stocks,2.04,637.50%
SATLW,Satellogic Inc. - Warrant,Operating Companies,$0.00 ,$0.75 ,$5.42 ,"$420,589,271 ","122,420",SATL,Satellogic Inc. - Class A,Common stocks,4.67,622.67%
CDROW,"Codere Online Luxembourg, S.A. - Warrants",Operating Companies,$0.00 ,$0.43 ,$3.03 ,"$143,478,796 ","17,046",CDRO,"Codere Online Luxembourg, S.A.",Common stocks,2.6,604.65%
BBLGW,Bone Biologics Corp - warrants,Operating Companies,$0.00 ,$0.23 ,$1.62 ,"$16,664,432 ","4,273",BBLG,Bone Biologics Corp.,Common stocks,1.39,604.35%
NESRW,National Energy Services Reunited Corp. Warrant,Operating Companies,$0.00 ,$0.91 ,$6.38 ,"$573,279,950 ",170,NESR,National Energy Services Reunited Corp.,Common stocks,5.47,601.10%
KTTAW,Pasithea Therapeutics Corp. - Warrant,Operating Companies,$0.00 ,$0.13 ,$0.91 ,"$21,734,521 ","4,230",KTTA,Pasithea Therapeutics Corp.,Common stocks,0.78,600.00%
CREXW,"Creative Realities, Inc. - Warrant",Operating Companies,$0.00 ,$0.10 ,$0.70 ,"$14,953,573 ","10,285",CREX,"Creative Realities, Inc.",Common stocks,0.6,600.00%
LFLYW,"Leafly Holdings, Inc. - Warrant",Operating Companies,$0.00 ,$1.43 ,$9.75 ,"$390,607,781 ","40,914",LFLY,"Leafly Holdings, Inc.",Common stocks,8.32,581.82%
AREBW,"American Rebel Holdings, Inc. Warrants",Operating Companies,$0.00 ,$0.10 ,$0.68 ,"$3,081,859 ","11,501",AREB,American Rebel Holdings Inc.,Common stocks,0.58,580.00%
RVSNW,Rail Vision Ltd. - Warrant,Operating Companies,$0.00 ,$0.18 ,$1.22 ,"$19,552,191 ","20,078",RVSN,Rail Vision Ltd.,Common stocks,1.04,577.78%
VAL+,Valaris Limited Warrants,Operating Companies,$0.00 ,$8.37 ,$56.50 ,"$4,283,313,221 ","24,745",VAL,Valaris Limited,Common stocks,48.13,575.03%
MTEKW,Maris-Tech Ltd. Warrants,Operating Companies,$0.00 ,$0.17 ,$1.11 ,"$8,522,557 ","7,378",MTEK,Maris Tech Ltd.,Common stocks,0.94,552.94%
CLBTW,Cellebrite DI Ltd. - Warrants,Operating Companies,$0.00 ,$0.72 ,$4.70 ,"$884,254,851 ","51,297",CLBT,Cellebrite DI Ltd.,Common stocks,3.98,552.78%
DRMAW,"Dermata Therapeutics, Inc. - Warrant",Operating Companies,$0.00 ,$0.12 ,$0.76 ,"$6,829,061 ","8,954",DRMA,"Dermata Therapeutics, Inc.",Common stocks,0.64,533.33%
NUVB+,Nuvation Bio Inc. Warrants,Operating Companies,$0.00 ,$0.70 ,$4.13 ,"$883,463,456 ","5,463",NUVB,Nuvation Bio Inc. Class A,Common stocks,3.43,490.00%
MOBQW,"Mobiquity Technologies, Inc. Warrant",Operating Companies,$0.00 ,$0.15 ,$0.88 ,"$3,284,686 ","2,328",MOBQ,Mobiquity Technologies Inc.,Common stocks,0.73,486.67%
SYTAW,"Siyata Mobile, Inc. - Warrant",Operating Companies,$0.00 ,$0.18 ,$1.04 ,"$14,388,135 ","13,133",SYTA,"Siyata Mobile, Inc.",Common stocks,0.86,477.78%
IINNW,Inspira Technologies Oxy B.H.N. Ltd. Warrant,Operating Companies,$0.00 ,$0.30 ,$1.72 ,"$11,566,194 ","14,014",IINN,Inspira Technologies Oxy B.H.N. Ltd.,Common stocks,1.42,473.33%
BTBDW,"BT Brands, Inc. Warrant",Operating Companies,$0.00 ,$0.37 ,$2.11 ,"$13,296,335 ","2,160",BTBD,"BT Brands, Inc.",Common stocks,1.74,470.27%
AGRIW,AgriFORCE Growing Systems Ltd. - Warrant,Operating Companies,$0.00 ,$0.46 ,$2.62 ,"$44,819,617 ","7,371",AGRI,AgriFORCE Growing Systems Ltd.,Common stocks,2.16,469.57%
FGIWW,FGI Industries Ltd. Warrant,Operating Companies,$0.00 ,$0.37 ,$2.09 ,"$20,140,000 ","5,956",FGI,FGI Industries Ltd.,Common stocks,1.72,464.86%
STRNW,"Stran & Company, Inc. Warrant",Operating Companies,$0.00 ,$0.31 ,$1.74 ,"$32,831,706 ","7,674",STRN,"Stran & Company, Inc.",Common stocks,1.43,461.29%
VWEWW,"Vintage Wine Estates, Inc. - Warrants",Operating Companies,$0.00 ,$1.40 ,$7.68 ,"$460,749,356 ","26,240",VWE,"Vintage Wine Estates, Inc.",Common stocks,6.28,448.57%
LIXTW,"Lixte Biotechnology Holdings, Inc. - Warrants",Operating Companies,$0.00 ,$0.15 ,$0.82 ,"$14,078,024 ","7,914",LIXT,Lixte Biotechnology Holdings Inc.,Common stocks,0.67,446.67%
PHGE+,BiomX Inc. Warrants,Operating Companies,$0.00 ,$0.15 ,$0.81 ,"$24,732,630 ","9,126",PHGE,BiomX Inc.,Common stocks,0.66,440.00%
RNWWW,ReNew Energy Global plc Warrant,Operating Companies,$0.00 ,$1.28 ,$6.80 ,"$1,881,020,283 ","10,878",RNW,ReNew Energy Global plc Class A,Common stocks,5.52,431.25%
PETVW,"PetVivo Holdings, Inc. - Warrant",Operating Companies,$0.00 ,$0.27 ,$1.43 ,"$14,565,090 ","13,140",PETV,PetVivo Holdings Inc,Common stocks,1.16,429.63%
CTOS+,"Custom Truck One Source, Inc. Warrants",Operating Companies,$0.00 ,$1.15 ,$5.95 ,"$1,510,298,524 ","2,967",CTOS,"Custom Truck One Source, Inc.",Common stocks,4.8,417.39%
ACONW,"Aclarion, Inc. - Warrant",Operating Companies,$0.00 ,$0.34 ,$1.75 ,"$10,771,067 ","14,636",ACON,"Aclarion, Inc.",Common stocks,1.41,414.71%
SONDW,Sonder Holdings Inc. - Warrants,Operating Companies,$0.00 ,$0.35 ,$1.80 ,"$384,636,273 ","65,152",SOND,Sonder Holdings Inc. - Class A,Common stocks,1.45,414.29%
CHEKZ,Check-Cap Ltd. Series C Warrant,Operating Companies,$0.00 ,$0.07 ,$0.36 ,"$35,190,361 ","10,139",CHEK,Check-Cap Ltd.,Common stocks,0.29,414.29%
TRKAW,"Troika Media Group, Inc. Warrant",Operating Companies,$0.00 ,$0.14 ,$0.70 ,"$36,968,658 ","21,411",TRKA,"Troika Media Group, Inc.",Common stocks,0.56,400.00%
SURGW,"SurgePays, Inc. Warrant",Operating Companies,$0.00 ,$0.80 ,$3.99 ,"$46,414,341 ","12,405",SURG,"SurgePays, Inc.",Common stocks,3.19,398.75%
NNAVW,NextNav Inc. - Warrant,Operating Companies,$0.00 ,$0.82 ,$4.03 ,"$412,284,568 ","24,997",NN,NextNav Inc.,Common stocks,3.21,391.46%
EYESW,Second Sight Medical Products Inc. Warrants,Operating Companies,$0.00 ,$0.38 ,$1.85 ,"$68,966,058 ","4,520",EYES,Second Sight Medical Products Inc,Common stocks,1.47,386.84%
LTRYW,Lottery.com - Warrant,Operating Companies,$0.00 ,$0.28 ,$1.36 ,"$66,496,647 ","77,276",LTRY,Lottery.com,Common stocks,1.08,385.71%
SEATW,Vivid Seats Inc. - Warrant,Operating Companies,$0.00 ,$1.60 ,$7.76 ,"$617,287,639 ","19,694",SEAT,Vivid Seats Inc. - Class A,Common stocks,6.16,385.00%
BBLN+,Babylon Holdings Limited Warrant,Operating Companies,$0.00 ,$0.24 ,$1.16 ,"$375,006,895 ","6,203",BBLN,Babylon Holdings Limited Class A,Common stocks,0.92,383.33%
MPLN+,MultiPlan Corporation Warrants,Operating Companies,$0.00 ,$0.98 ,$4.72 ,"$2,950,310,979 ","25,241",MPLN,MultiPlan Corporation Class A,Common stocks,3.74,381.63%
LIDRW,"AEye, Inc. - Warrant",Operating Companies,$0.00 ,$1.13 ,$5.37 ,"$854,436,597 ","35,743",LIDR,"AEye, Inc. - Class A",Common stocks,4.24,375.22%
GMVDW,G Medical Innovations Holdings Ltd. - Warrants,Operating Companies,$0.00 ,$0.14 ,$0.65 ,"$12,075,776 ","39,897",GMVD,G Medical Innovations Holdings Ltd.,Common stocks,0.51,364.29%
VIEWW,"View, Inc. - Warrant",Operating Companies,$0.00 ,$0.14 ,$0.65 ,"$162,264,842 ","92,761",VIEW,"View, Inc. - Class A",Common stocks,0.51,364.29%
BEATW,"Heartbeam, Inc. Warrant",Operating Companies,$0.00 ,$0.31 ,$1.41 ,"$11,390,092 ","8,243",BEAT,"Heartbeam, Inc.",Common stocks,1.1,354.84%
IVDAW,"Iveda Solutions, Inc. - Warrant",Operating Companies,$0.00 ,$0.30 ,$1.34 ,"$16,764,388 ","3,624",IVDA,"Iveda Solutions, Inc.",Common stocks,1.04,346.67%
IEAWW,Infrastructure and Energy Alternatives Inc. Warrant,Operating Companies,$0.00 ,$1.75 ,$7.78 ,"$360,975,843 ","22,558",IEA,Infrastructure And Energy Alternatives Inc.,Common stocks,6.03,344.57%
WKSPW,"Worksport, Ltd. Warrant",Operating Companies,$0.00 ,$0.50 ,$2.20 ,"$35,618,615 ","5,828",WKSP,"Worksport, Ltd",Common stocks,1.7,340.00%
LMDXW,LumiraDx Limited Warrant,Operating Companies,$0.00 ,$0.89 ,$3.91 ,"$166,489,703 ","7,167",LMDX,LumiraDx Limited,Common stocks,3.02,339.33%
DRCTW,"Direct Digital Holdings, Inc. - Warrant",Operating Companies,$0.00 ,$0.39 ,$1.69 ,"$4,732,000 ","10,671",DRCT,"Direct Digital Holdings, Inc.",Common stocks,1.3,333.33%
ZIVOW,"Zivo Bioscience, Inc. Warrants",Operating Companies,$0.00 ,$0.64 ,$2.75 ,"$26,092,458 ","5,404",ZIVO,Zivo Bioscience Inc.,Common stocks,2.11,329.69%
DCFCW,Tritium DCFC Limited - Warrant,Operating Companies,$0.00 ,$1.89 ,$8.11 ,"$1,309,176,362 ","85,346",DCFC,Tritium DCFC Limited,Common stocks,6.22,329.10%
MCLDW,mCloud Technologies Corp. - Warrants,Operating Companies,$0.00 ,$0.50 ,$2.12 ,"$35,056,565 ","4,365",MCLD,mCloud Technologies Corp.,Common stocks,1.62,324.00%
VRMEW,"VerifyMe, Inc. - Warrant",Operating Companies,$0.00 ,$0.65 ,$2.66 ,"$21,421,626 ","17,276",VRME,VerifyMe Inc.,Common stocks,2.01,309.23%
MDGSW,Medigus Ltd. Series C Warrant,Operating Companies,$0.00 ,$0.21 ,$0.85 ,"$16,525,436 ","1,234",MDGS,Medigus Ltd. ADRs,ADRs,0.64,304.76%
SQLLW,SeqLL Inc. - Warrant,Operating Companies,$0.00 ,$0.20 ,$0.80 ,"$9,509,103 ","7,932",SQL,SeqLL Inc.,Common stocks,0.6,300.00%
GROMW,Grom Social Enterprises Inc. Warrants,Operating Companies,$0.00 ,$0.16 ,$0.61 ,"$10,942,943 ",742,GROM,Grom Social Enterprises Inc.,Common stocks,0.45,281.25%
DATSW,"DatChat, Inc. - Series A Warrant",Operating Companies,$0.00 ,$0.35 ,$1.31 ,"$24,888,722 ",728,DATS,"DatChat, Inc.",Common stocks,0.96,274.29%
GOED+,1847 Goedeker Inc. Warrants to Purchase Common Stock,Operating Companies,$0.00 ,$0.43 ,$1.60 ,"$170,219,731 ","400,023",GOED,1847 Goedeker Inc.,Common stocks,1.17,272.09%
HTOOW,Fusion Fuel Green PLC - Warrant,Operating Companies,$0.00 ,$2.35 ,$8.37 ,"$93,483,751 ","4,915",HTOO,Fusion Fuel Green PLC,Common stocks,6.02,256.17%
HOFVW,Hall of Fame Resort & Entertainment Company - Warrant,Operating Companies,$0.00 ,$0.20 ,$0.71 ,"$79,856,892 ","37,940",HOFV,Hall of Fame Resort & Entertainment Company,Common stocks,0.51,255.00%
RCRTW,"Recruiter.com Group, Inc. - Warrant",Operating Companies,$0.00 ,$0.33 ,$1.13 ,"$16,078,393 ","10,825",RCRT,Recruiter.com Group Inc.,Common stocks,0.8,242.42%
LCFYW,Locafy Limited - Warrant,Operating Companies,$0.00 ,$0.26 ,$0.89 ,"$19,382,771 ","9,287",LCFY,Locafy Limited,Common stocks,0.63,242.31%
GFAIW,"Guardforce AI Co., Limited Warrant",Operating Companies,$0.00 ,$0.17 ,$0.57 ,"$12,718,985 ","14,875",GFAI,"Guardforce AI Co., Limited",Common stocks,0.4,235.29%
INVZW,Innoviz Technologies Ltd. - Warrant,Operating Companies,$0.00 ,$1.28 ,$4.25 ,"$570,506,132 ","51,750",INVZ,Innoviz Technologies Ltd.,Common stocks,2.97,232.03%
CEADW,CEA Industries Inc. - Warrant,Operating Companies,$0.00 ,$0.35 ,$1.15 ,"$9,341,333 ","14,117",CEAD,CEA Industries Inc.,Common stocks,0.8,228.57%
CUENW,"Cuentas, Inc. Warrant",Operating Companies,$0.00 ,$0.24 ,$0.73 ,"$10,326,326 ",289,CUEN,Cuentas Inc.,Common stocks,0.49,204.17%
TCBPW,TC BioPharm (Holdings) plc Warrants,Operating Companies,$0.00 ,$0.39 ,$1.15 ,"$30,476,002 ","2,615",TCBP,TC BioPharm (Holdings) plc ADRs,Common stocks,0.76,194.87%
CYTHW,"Cyclo Therapeutics, Inc. - Warrant",Operating Companies,$0.00 ,$0.70 ,$2.05 ,"$18,011,421 ",581,CYTH,"Cyclo Therapeutics, Inc.",Common stocks,1.35,192.86%
BFRIW,Biofrontera Inc. Warrants,Operating Companies,$0.00 ,$1.00 ,$2.80 ,"$44,643,395 ","11,187",BFRI,Biofrontera Inc.,Common stocks,1.8,180.00%
AMPGW,"Amplitech Group, Inc. - Warrants",Operating Companies,$0.00 ,$0.70 ,$1.92 ,"$18,685,120 ","3,476",AMPG,AmpliTech Group Inc.,Common stocks,1.22,174.29%
BRMK+,"Broadmark Realty Capital Inc. Warrants, each exercisable for one fourth (1/4th) share of Common Stock at an exercise price of $2.875 per quarter share",Operating Companies,$2.88 ,$0.08 ,$7.14 ,"$974,762,217 ","37,531",BRMK,Broadmark Realty Capital Inc.,Mortgage REITs,4.18,141.22%
GOVXW,"GeoVax Labs, Inc. - Warrants",Operating Companies,$0.00 ,$0.31 ,$0.73 ,"$6,339,351 ","1,279",GOVX,"GeoVax Labs, Inc.",Common stocks,0.42,135.48%
LEXXW,Lexaria Bioscience Corp. - Warrant,Operating Companies,$0.00 ,$0.95 ,$2.15 ,"$11,723,466 ","3,969",LEXX,Lexaria Bioscience Corp.,Common stocks,1.2,126.32%
CRTDW,Creatd Inc. - Warrant,Operating Companies,$0.00 ,$0.35 ,$0.76 ,"$14,337,960 ","3,026",CRTD,Creatd Inc.,Common stocks,0.41,117.14%
TDW+B,Tidewater Inc. Series B Warrants,Operating Companies,$11.50 ,$0.58 ,$26.17 ,"$1,067,524,236 ","9,977",TDW,Tidewater Inc.,Common stocks,14.09,116.64%
BCTXW,BriaCell Therapeutics Corp. - Warrant,Operating Companies,$0.00 ,$2.31 ,$4.87 ,"$71,965,390 ","31,849",BCTX,BriaCell Therapeutics Corp.,Common stocks,2.56,110.82%
TDW+A,Tidewater Inc. Series A Warrants,Operating Companies,$11.50 ,$1.04 ,$26.17 ,"$1,067,524,236 ","8,773",TDW,Tidewater Inc.,Common stocks,13.63,108.69%
ALACW,Alberton Acquisition Corporation - Warrant to purchase 1/2 share of common at $5.75 per half share,Shell Companies,$5.75 ,$0.01 ,$12.02 ,$0 ,"1,267,587",ALAC,Alberton Acquisition Corporation,Common stocks,6.26,108.68%
AUUDW,Auddia Inc. - Warrants,Operating Companies,$0.00 ,$0.45 ,$0.93 ,"$14,016,535 ","3,175",AUUD,Auddia Inc.,Common stocks,0.48,106.67%
TDW+,Tidewater Inc. Warrant,Operating Companies,$11.50 ,$1.35 ,$26.17 ,"$1,067,524,236 ","2,444",TDW,Tidewater Inc.,Common stocks,13.32,103.66%
COMSW,ComSovereign Holding Corp. - Warrants,Operating Companies,$0.00 ,$0.13 ,$0.26 ,"$18,851,548 ","3,432",COMS,COMSovereign Holding Corp.,Common stocks,0.13,100.00%
AGBAW,AGBA Acquisition Limited - Warrant exercisable for 1/2 share at $5.75 per half share,Shell Companies,$5.75 ,$0.05 ,$11.29 ,"$56,693,943 ","5,253",AGBA,AGBA Acquisition Limited,Common stocks,5.49,94.66%
GRCYW,Greencity Acquisition Corporation - Warrants exercisable for 1/2 of a share at $5.75 per 1/2 share,Shell Companies,$5.75 ,$0.07 ,$10.46 ,"$54,967,000 ","5,589",GRCY,Greencity Acquisition Corporation,Common stocks,4.64,79.73%
DWACW,Digital World Acquisition Corp. Warrants exercisable for one share of Class A common stock at an exercise price of $11.50,Shell Companies,$11.50 ,$13.30 ,$44.09 ,"$1,341,316,543 ","450,178",DWAC,Digital World Acquisition Corp. Class A,Common stocks,19.29,77.78%
NLSPW,NLS Pharmaceutics Ltd. - Warrant,Operating Companies,$0.00 ,$0.35 ,$0.62 ,"$9,411,188 ","8,044",NLSP,NLS Pharmaceutics Ltd.,Common stocks,0.27,77.14%
ADOCW,Edoc Acquisition Corp. - Warrant each exercisable for 1/2 share at $5.75 per 1/2 share,Shell Companies,$5.75 ,$0.05 ,$10.20 ,"$32,917,868 ","30,612",ADOC,Edoc Acquisition Corp. - Class A,Common stocks,4.4,75.86%
VENAW,Venus Acquisition Corporation Warrant exercisable for 1/2 share at $5.75 per 1/2 share,Shell Companies,$5.75 ,$0.07 ,$10.22 ,"$61,891,500 ","6,251",VENA,Venus Acquisition Corporation,Common stocks,4.4,75.60%
MACUW,Mallard Acquisition Corp. - Warrant each exercisable for 1/2 share at $5.75 per 1/2 share,Shell Companies,$5.75 ,$0.00 ,$10.09 ,$0 ,"456,735",MACU,Mallard Acquisition Corp.,Common stocks,4.34,75.48%
VHAQ+,Viveon Health Acquisition Corp. Warrants to purchase one-half of a share of common stock at a price of $5.75 per share,Shell Companies,$5.75 ,$0.06 ,$10.19 ,"$102,754,706 ","81,032",VHAQ,Viveon Health Acquisition Corp.,Common stocks,4.38,75.39%
GBRGW,Goldenbridge Acquisition Limited - Warrant to purchase 1/2 of a share at $5.75,Shell Companies,$5.75 ,$0.04 ,$10.11 ,"$76,419,125 ","15,650",GBRG,Goldenbridge Acquisition Limited,Common stocks,4.32,74.61%
ESSCW,East Stone Acquisition Corporation - Warrant exercisable for 1/2 of a share at $5.75 per 1/2 share,Shell Companies,$5.75 ,$0.21 ,$10.40 ,"$74,371,409 ","41,927",ESSC,East Stone Acquisition Corporation,Common stocks,4.44,74.50%
GPCOW,Golden Path Acquisition Corporation Warrant exercisable for 1/2 share at $5.75 per half share,Shell Companies,$5.75 ,$0.07 ,$10.06 ,"$75,176,640 ","18,737",GPCO,Golden Path Acquisition Corporation,Common stocks,4.24,72.85%
BHSEW,Bull Horn Holdings Corp. - Warrant each exercisable for 1/2 share at $5.75 per 1/2 share,Shell Companies,$5.75 ,$0.06 ,$10.04 ,"$94,125,000 ","34,387",BHSE,Bull Horn Holdings Corp.,Common stocks,4.23,72.81%
NOVVW,Nova Vision Acquisition Corp. Warrant each exercisable for 1/2 share at $5.75 per 1/2 share,Shell Companies,$5.75 ,$0.06 ,$10.02 ,"$75,330,360 ","8,625",NOVV,Nova Vision Acquisition Corp.,Common stocks,4.21,72.46%
PPHPW,PHP Ventures Acquisition Corp. Warrant exercisable for 1/2 share at $5.75 per 1/2 share,Shell Companies,$5.75 ,$0.09 ,$10.00 ,"$57,615,000 ","4,278",PPHP,PHP Ventures Acquisition Corp. Class A,Common stocks,4.16,71.23%
VTAQW,Ventoux CCM Acquisition Corp. - Warrant exercisable for 1/2 share at $5.75 per 1/2 share,Shell Companies,$5.75 ,$0.20 ,$10.15 ,"$218,891,719 ","15,627",VTAQ,Ventoux CCM Acquisition Corp.,Common stocks,4.2,70.59%
GACQW,Global Consumer Acquisition Corp. Warrant exercisable for 1/2 share at $5.75 per 1/2 share,Shell Companies,$5.75 ,$0.16 ,$10.03 ,"$233,522,091 ","17,518",GACQ,Global Consumer Acquisition Corp.,Common stocks,4.12,69.71%
BEEMW,Beam Global - Warrant,Operating Companies,$0.00 ,$8.40 ,$14.25 ,"$144,726,550 ",956,BEEM,Beam Global,Common stocks,5.85,69.64%
WINVW,WinVest Acquisition Corp. Warrant each exercisable for 1/2 share at $5.75 per 1/2 share,Shell Companies,$5.75 ,$0.13 ,$9.91 ,"$142,456,250 ","7,966",WINV,WinVest Acquisition Corp.,Common stocks,4.03,68.54%
NOACW,Natural Order Acquisition Corp. - Warrant exercisable for 1/2 share at $5.75 per 1/2 share,Shell Companies,$5.75 ,$0.10 ,$9.84 ,"$282,612,500 ","27,216",NOAC,Natural Order Acquisition Corp.,Common stocks,3.99,68.21%
BMAQW,Blockchain Moon Acquisition Corp. - Warrant exercisable for 1/2 share at $5.75 per 1/2 share,Shell Companies,$5.75 ,$0.13 ,$9.87 ,"$145,977,300 ","22,118",BMAQ,Blockchain Moon Acquisition Corp.,Common stocks,3.99,67.86%
QFTA+,"Quantum FinTech Acquisition Corporation Warrants, each warrant exercisable for one-half of one share of Common Stock at an exercise price of $5.75",Shell Companies,$5.75 ,$0.22 ,$9.85 ,"$172,375,000 ","55,972",QFTA,Quantum FinTech Acquisition Corporation,Common stocks,3.88,64.99%
FRGE+,"Forge Global Holdings, Inc. Warrants, each whole warrant exercisable for one share of Common Stock at an exercise price of $11.50",Operating Companies,$11.50 ,$1.72 ,$20.87 ,"$885,132,000 ","327,898",FRGE,"Forge Global Holdings, Inc.",Common stocks,7.65,57.87%
DBGIW,"Digital Brands Group, Inc. - Warrant",Operating Companies,$0.00 ,$0.13 ,$0.20 ,"$3,149,759 ","3,717",DBGI,"Digital Brands Group, Inc.",Common stocks,0.07,53.85%
PAVMZ,PAVmed Inc. Series Z Warrant,Operating Companies,$0.00 ,$0.67 ,$1.00 ,"$87,082,030 ","9,113",PAVM,Pavmed Inc.,Common stocks,0.33,49.25%
CHKEL,Chesapeake Energy Corporation - Class C Warrants,Operating Companies,$0.00 ,$59.02 ,$87.12 ,"$11,280,505,364 ","41,179",CHK,Chesapeake Energy Corporation,Common stocks,28.1,47.61%
BNGOW,"Bionano Genomics, Inc. - Warrant",Operating Companies,$0.86 ,$0.31 ,$1.68 ,"$454,824,361 ","7,651",BNGO,Bionano Genomics Inc,Common stocks,0.51,43.59%
CHKEZ,Chesapeake Energy Corporation - Class B Warrants,Operating Companies,$0.00 ,$63.02 ,$87.12 ,"$11,280,505,364 ","70,977",CHK,Chesapeake Energy Corporation,Common stocks,24.1,38.24%
CVE+,Cenovus Energy Inc Warrants (each warrant entitles the holder to purchase one common share at an exercise price of C$6.54 per share),Operating Companies,$0.00 ,$15.97 ,$21.12 ,"$40,777,718,256 ","8,740",CVE,Cenovus Energy Inc,Common stocks,5.15,32.25%
JUPWW,"Jupiter Wellness, Inc. - Warrant",Operating Companies,$0.00 ,$0.67 ,$0.88 ,"$18,883,881 ","1,941",JUPW,"Jupiter Wellness, Inc.",Common stocks,0.21,31.34%
CHKEW,Chesapeake Energy Corporation - Class A Warrants,Operating Companies,$0.00 ,$67.41 ,$87.12 ,"$11,280,505,364 ","30,124",CHK,Chesapeake Energy Corporation,Common stocks,19.71,29.24%
IMAQW,International Media Acquisition Corp. Warrant exercisable for 3/4 share at $8.625 per 3/4 share,Shell Companies,$8.63 ,$0.05 ,$9.92 ,"$293,577,998 ","57,809",IMAQ,International Media Acquisition Corp. Class A,Common stocks,1.24,14.29%
HHGCW,HHG Capital Corporation Warrant exercisable for 3/4 share at $8.625 per 3/4 share,Shell Companies,$8.63 ,$0.14 ,$9.97 ,"$74,545,690 ","2,191",HHGC,HHG Capital Corporation,Common stocks,1.2,13.68%
LVACW,LAVA Medtech Acquisition Corp. Warrant exercisable for 3/4 share at $8.625 per 3/4 share,Shell Companies,$8.63 ,$0.20 ,$10.01 ,"$115,115,000 ","14,767",LVAC,LAVA Medtech Acquisition Corp. Class A,Common stocks,1.18,13.36%
RNERW,Mount Rainier Acquisition Corp. Warrant exercisable for 3/4 share at $8.625 per 3/4 share,Shell Companies,$8.63 ,$0.20 ,$9.99 ,"$221,587,000 ","34,302",RNER,Mount Rainier Acquisition Corp.,Common stocks,1.16,13.14%
AVHIW,Achari Ventures Holdings Corp. I Warrant exercisable for 3/4 share at $8.625 per 3/4 share,Shell Companies,$8.63 ,$0.22 ,$9.96 ,"$124,500,000 ","1,328",AVHI,Achari Ventures Holdings Corp. I,Common stocks,1.11,12.54%
ARIZW,Arisz Acquisition Corp. Warrant exercisable for 3/4 share at $8.625 per 3/4 share,Shell Companies,$8.63 ,$0.12 ,$9.83 ,"$87,545,161 ","3,484",ARIZ,Arisz Acquisition Corp.,Common stocks,1.08,12.34%
NVVEW,Nuvve Holding Corp. - Warrant exercisable for 1/2 of a share at $5.75 per share expiring 3/19/26,Operating Companies,$5.75 ,$0.71 ,$7.04 ,"$127,472,258 ","49,225",NVVE,Nuvve Holding Corp.,Common stocks,0.58,8.98%
FREEW,"Whole Earth Brands, Inc. - Warrant exercisable for one-half share at $5.75 per share",Operating Companies,$5.75 ,$0.33 ,$6.51 ,"$263,209,596 ","25,651",FREE,"Whole Earth Brands, Inc. - Class A",Common stocks,0.43,7.07%
HCCCW,Healthcare Capital Corp. - Warrant exercisable for one share at $11.50 per share,Shell Companies,$11.50 ,$0.49 ,$12.74 ,"$350,350,000 ","1,023,467",HCCC,Healthcare Capital Corp. - Class A,Common stocks,0.75,6.26%
OXY+,Occidental Petroleum Corporation Warrants,Operating Companies,$22.00 ,$41.99 ,$63.96 ,"$60,261,380,143 ","637,311",OXY,Occidental Petroleum Corp,Common stocks,-0.03,-0.05%
BLNKW,Blink Charging Co. Warrant,Operating Companies,$4.25 ,$11.58 ,$15.69 ,"$668,636,750 ","1,969",BLNK,Blink Charging Co.,Common stocks,-0.14,-0.88%
HPKEW,"HighPeak Energy, Inc. - Warrant",Operating Companies,$11.50 ,$15.87 ,$25.72 ,"$2,651,107,128 ","11,699",HPK,"HighPeak Energy, Inc.",Common stocks,-1.65,-6.03%
XBIOW,"Xenetic Biosciences, Inc. - Warrants",Operating Companies,$0.00 ,$0.95 ,$0.76 ,"$11,023,779 ",101,XBIO,"Xenetic Biosciences, Inc.",Common stocks,-0.19,-20.00%
HTZWW,"Hertz Global Holdings, Inc - Warrant",Operating Companies,$11.50 ,$12.13 ,$18.49 ,"$7,611,696,598 ","502,707",HTZ,"Hertz Global Holdings, Inc",Common stocks,-5.14,-21.75%
SBFMW,Sunshine Biopharma Inc. warrant,Operating Companies,$0.00 ,$2.40 ,$1.82 ,"$31,176,697 ","6,966",SBFM,Sunshine Biopharma Inc.,Common stocks,-0.58,-24.17%
FATBW,FAT Brands Inc. - Warrant,Operating Companies,$5.00 ,$3.41 ,$6.00 ,"$106,672,069 ",200,FAT,Fat Brands Inc. Class A,Common stocks,-2.41,-28.66%
NTRBW,Nutriband Inc. Warrant,Operating Companies,$0.00 ,$5.99 ,$4.24 ,"$30,971,857 ",480,NTRB,Nutriband Inc.,Common stocks,-1.75,-29.22%
